tag,tree,transport,mode,workers,per_worker_qd,aggregate_qd,fua,variant,cohort,observed_cohorts,cohort_complete,repeats,analyzed_repeats,mean_iops,min_iops,max_iops,spread_pct,all_repeat_mean_iops,latency_avg_us,latency_p50_us,latency_p95_us,latency_p99_us,cpu_ns_per_op,reported_completion,completion_semantic,source
base-efa-read-w1-qd1,base,efa,read,1,1,1,false,curve,1,1,true,4,"2,3,4",44305,44275,44328,0.12,44302,22.518,23.0,26.0,26.0,22571.1,missing,remote-read-completion,/home/rob/zcutils/bench-results/zcutils-blockmatrix-adhoc-c8gn16-20260811T121140Z/client-node/client/base-efa-read-w1-qd1/results.log
base-efa-read-w1-qd16,base,efa,read,1,16,16,false,curve,1,1,true,4,"2,3,4",245230,244959,245472,0.209,244964,64.435,65.0,67.333,68.0,4078.0,missing,remote-read-completion,/home/rob/zcutils/bench-results/zcutils-blockmatrix-adhoc-c8gn16-20260811T121140Z/client-node/client/base-efa-read-w1-qd16/results.log
base-efa-read-w2-qd128,base,efa,read,2,128,256,false,curve,1,1,true,4,"2,3,4",609308,608816,609869,0.173,608279,419.525,396.0,461.667,463.0,3280.1,missing,remote-read-completion,/home/rob/zcutils/bench-results/zcutils-blockmatrix-adhoc-c8gn16-20260811T121140Z/client-node/client/base-efa-read-w2-qd128/results.log
base-tcp-read-w1-qd1,base,tcp,read,1,1,1,false,curve,1,1,true,4,"2,3,4",27806,27777,27821,0.158,27792,35.91,36.0,39.0,54.0,35964.0,missing,remote-read-completion,/home/rob/zcutils/bench-results/zcutils-blockmatrix-adhoc-c8gn16-20260811T121140Z/client-node/client/base-tcp-read-w1-qd1/results.log
base-tcp-read-w1-qd16,base,tcp,read,1,16,16,false,curve,1,1,true,4,"2,3,4",144148,144102,144200,0.068,144112,110.46,120.0,124.0,126.333,6937.5,missing,remote-read-completion,/home/rob/zcutils/bench-results/zcutils-blockmatrix-adhoc-c8gn16-20260811T121140Z/client-node/client/base-tcp-read-w1-qd16/results.log
base-tcp-read-w2-qd128,base,tcp,read,2,128,256,false,curve,1,1,true,4,"2,3,4",563943,563940,563945,0.001,563945,453.607,453.0,517.0,561.333,3546.5,missing,remote-read-completion,/home/rob/zcutils/bench-results/zcutils-blockmatrix-adhoc-c8gn16-20260811T121140Z/client-node/client/base-tcp-read-w2-qd128/results.log
base-tcp-rw-w1-qd1,base,tcp,rw,1,1,1,false,curve,1,1,true,4,"2,3,4",51926,51889,51956,0.129,51915,19.204,5.0,43.333,68.667,19258.4,missing,mixed-remote-reads-and-early-local-writes,/home/rob/zcutils/bench-results/zcutils-blockmatrix-adhoc-c8gn16-20260811T121140Z/client-node/client/base-tcp-rw-w1-qd1/results.log
base-tcp-rw-w1-qd16,base,tcp,rw,1,16,16,false,curve,1,1,true,4,"2,3,4",181932,181837,181985,0.081,181883,87.33,64.0,127.0,129.0,5496.7,missing,mixed-remote-reads-and-early-local-writes,/home/rob/zcutils/bench-results/zcutils-blockmatrix-adhoc-c8gn16-20260811T121140Z/client-node/client/base-tcp-rw-w1-qd16/results.log
base-tcp-rw-w2-qd128,base,tcp,rw,2,128,256,false,curve,1,1,true,4,"2,3,4",606052,605395,606397,0.165,606047,421.23,399.0,466.0,527.667,3294.6,missing,mixed-remote-reads-and-early-local-writes,/home/rob/zcutils/bench-results/zcutils-blockmatrix-adhoc-c8gn16-20260811T121140Z/client-node/client/base-tcp-rw-w2-qd128/results.log
base-tcp-write-w1-qd1,base,tcp,write,1,1,1,false,curve,1,1,true,4,"2,3,4",77640,77630,77656,0.033,77637,12.827,5.0,47.0,61.0,12879.9,missing,early-local-dirty-lease-ack,/home/rob/zcutils/bench-results/zcutils-blockmatrix-adhoc-c8gn16-20260811T121140Z/client-node/client/base-tcp-write-w1-qd1/results.log
base-tcp-write-w1-qd16,base,tcp,write,1,16,16,false,curve,1,1,true,4,"2,3,4",190718,190335,191079,0.39,190524,83.108,66.0,123.0,127.0,5243.4,missing,early-local-dirty-lease-ack,/home/rob/zcutils/bench-results/zcutils-blockmatrix-adhoc-c8gn16-20260811T121140Z/client-node/client/base-tcp-write-w1-qd16/results.log
base-tcp-write-w2-qd128,base,tcp,write,2,128,256,false,curve,1,1,true,4,"2,3,4",571652,571053,572337,0.225,571295,444.482,399.667,589.0,983.0,3475.1,missing,early-local-dirty-lease-ack,/home/rob/zcutils/bench-results/zcutils-blockmatrix-adhoc-c8gn16-20260811T121140Z/client-node/client/base-tcp-write-w2-qd128/results.log
current-efa-read-w1-qd16,current,efa,read,1,16,16,false,curve,1,1,true,4,"2,3,4",245827,245713,245988,0.112,245624,64.276,64.333,67.0,68.0,4068.1,ordinary-device-ack,remote-read-completion,/home/rob/zcutils/bench-results/zcutils-blockmatrix-adhoc-c8gn16-20260811T121140Z/client-node/client/current-efa-read-w1-qd16/results.log
current-efa-read-w1-qd2,current,efa,read,1,2,2,false,curve,1,1,true,4,"2,3,4",54057,54046,54074,0.052,54063,36.944,38.0,41.0,42.0,18499.0,ordinary-device-ack,remote-read-completion,/home/rob/zcutils/bench-results/zcutils-blockmatrix-adhoc-c8gn16-20260811T121140Z/client-node/client/current-efa-read-w1-qd2/results.log
current-efa-read-w1-qd4,current,efa,read,1,4,4,false,curve,1,1,true,4,"2,3,4",98835,98799,98870,0.072,98842,40.368,40.0,46.0,47.0,10118.0,ordinary-device-ack,remote-read-completion,/home/rob/zcutils/bench-results/zcutils-blockmatrix-adhoc-c8gn16-20260811T121140Z/client-node/client/current-efa-read-w1-qd4/results.log
current-efa-read-w1-qd8,current,efa,read,1,8,8,false,curve,1,1,true,4,"2,3,4",134406,134328,134456,0.095,134386,59.111,59.0,62.0,63.0,7440.2,ordinary-device-ack,remote-read-completion,/home/rob/zcutils/bench-results/zcutils-blockmatrix-adhoc-c8gn16-20260811T121140Z/client-node/client/current-efa-read-w1-qd8/results.log
current-efa-read-w2-qd128,current,efa,read,2,128,256,false,curve,1,1,true,4,"2,3,4",613731,612931,614248,0.215,612753,416.481,393.0,458.0,460.0,3256.4,ordinary-device-ack,remote-read-completion,/home/rob/zcutils/bench-results/zcutils-blockmatrix-adhoc-c8gn16-20260811T121140Z/client-node/client/current-efa-read-w2-qd128/results.log
current-efa-read-w2-qd256,current,efa,read,2,256,512,false,curve,1,1,true,4,"2,3,4",607886,607706,608084,0.062,606364,839.244,851.333,859.0,862.667,3279.9,ordinary-device-ack,remote-read-completion,/home/rob/zcutils/bench-results/zcutils-blockmatrix-adhoc-c8gn16-20260811T121140Z/client-node/client/current-efa-read-w2-qd256/results.log
current-efa-read-w2-qd32,current,efa,read,2,32,64,false,curve,1,1,true,4,"2,3,4",595222,594682,595600,0.154,594854,106.842,133.0,136.333,138.0,3345.9,ordinary-device-ack,remote-read-completion,/home/rob/zcutils/bench-results/zcutils-blockmatrix-adhoc-c8gn16-20260811T121140Z/client-node/client/current-efa-read-w2-qd32/results.log
current-efa-read-w2-qd64,current,efa,read,2,64,128,false,curve,1,1,true,4,"2,3,4",600659,600446,600855,0.068,599675,212.102,199.667,267.0,269.0,3318.8,ordinary-device-ack,remote-read-completion,/home/rob/zcutils/bench-results/zcutils-blockmatrix-adhoc-c8gn16-20260811T121140Z/client-node/client/current-efa-read-w2-qd64/results.log
current-efa-rw-w1-qd16,current,efa,rw,1,16,16,false,curve,1,1,true,4,"2,3,4",204958,204825,205064,0.117,204646,77.349,65.0,127.0,129.667,4879.2,ordinary-device-ack,mixed-remote-reads-and-early-local-writes,/home/rob/zcutils/bench-results/zcutils-blockmatrix-adhoc-c8gn16-20260811T121140Z/client-node/client/current-efa-rw-w1-qd16/results.log
current-efa-rw-w1-qd2,current,efa,rw,1,2,2,false,curve,1,1,true,4,"2,3,4",96143,95995,96219,0.233,96020,20.716,19.0,45.0,49.0,10401.4,ordinary-device-ack,mixed-remote-reads-and-early-local-writes,/home/rob/zcutils/bench-results/zcutils-blockmatrix-adhoc-c8gn16-20260811T121140Z/client-node/client/current-efa-rw-w1-qd2/results.log
current-efa-rw-w1-qd4,current,efa,rw,1,4,4,false,curve,1,1,true,4,"2,3,4",139188,139132,139251,0.085,139024,28.61,21.0,60.0,73.0,7184.7,ordinary-device-ack,mixed-remote-reads-and-early-local-writes,/home/rob/zcutils/bench-results/zcutils-blockmatrix-adhoc-c8gn16-20260811T121140Z/client-node/client/current-efa-rw-w1-qd4/results.log
current-efa-rw-w1-qd8,current,efa,rw,1,8,8,false,curve,1,1,true,4,"2,3,4",127951,127735,128176,0.345,127913,62.116,60.0,64.0,118.667,7815.6,ordinary-device-ack,mixed-remote-reads-and-early-local-writes,/home/rob/zcutils/bench-results/zcutils-blockmatrix-adhoc-c8gn16-20260811T121140Z/client-node/client/current-efa-rw-w1-qd8/results.log
current-efa-rw-w2-qd128-framedfix,current,efa,rw,2,128,256,false,curve-framedfix,1,1,true,4,"2,3,4",609686,609339,610044,0.116,609664,419.258,396.333,462.667,464.333,3279.3,ordinary-device-ack,mixed-remote-reads-and-early-local-writes,/home/rob/zcutils/bench-results/zcutils-blockmatrix-adhoc-c8gn16-20260811T121140Z/client-node/client/current-efa-rw-w2-qd128-framedfix/results.log
current-efa-rw-w2-qd256-framedfix,current,efa,rw,2,256,512,false,curve-framedfix,1,1,true,4,"2,3,4",607508,607309,607635,0.054,607486,839.269,851.0,860.333,863.667,3279.9,ordinary-device-ack,mixed-remote-reads-and-early-local-writes,/home/rob/zcutils/bench-results/zcutils-blockmatrix-adhoc-c8gn16-20260811T121140Z/client-node/client/current-efa-rw-w2-qd256-framedfix/results.log
current-efa-rw-w2-qd32,current,efa,rw,2,32,64,false,curve,1,1,true,4,"2,3,4",594854,594717,595061,0.058,594680,107.033,132.0,137.0,140.333,3356.3,ordinary-device-ack,mixed-remote-reads-and-early-local-writes,/home/rob/zcutils/bench-results/zcutils-blockmatrix-adhoc-c8gn16-20260811T121140Z/client-node/client/current-efa-rw-w2-qd32/results.log
current-efa-rw-w2-qd64-framedfix,current,efa,rw,2,64,128,false,curve-framedfix,1,1,true,4,"2,3,4",597566,597313,597799,0.081,597284,212.992,201.0,268.667,271.0,3334.5,ordinary-device-ack,mixed-remote-reads-and-early-local-writes,/home/rob/zcutils/bench-results/zcutils-blockmatrix-adhoc-c8gn16-20260811T121140Z/client-node/client/current-efa-rw-w2-qd64-framedfix/results.log
current-efa-write-w1-qd1,current,efa,write,1,1,1,false,curve,1,1,true,4,"2,3,4",40123,40101,40144,0.107,38956,24.87,5.0,106.667,110.0,24923.1,ordinary-device-ack,early-local-dirty-lease-ack,/home/rob/zcutils/bench-results/zcutils-blockmatrix-adhoc-c8gn16-20260811T121140Z/client-node/client/current-efa-write-w1-qd1/results.log
current-efa-write-w1-qd1-fua,current,efa,write,1,1,1,true,curve-fua,1,1,true,4,"2,3,4",16101,16091,16113,0.137,15885,62.055,61.0,65.0,67.667,62108.9,per-write-fua-dsync,remote-fua-drain,/home/rob/zcutils/bench-results/zcutils-blockmatrix-adhoc-c8gn16-20260811T121140Z/client-node/client/current-efa-write-w1-qd1-fua/results.log
current-efa-write-w1-qd16,current,efa,write,1,16,16,false,curve,2,2,true,4,"2,3,4",206401,205743,207283,0.746,184905,76.732,65.667,123.0,128.0,4845.1,ordinary-device-ack,early-local-dirty-lease-ack,/home/rob/zcutils/bench-results/zcutils-blockmatrix-adhoc-c8gn16-20260811T121140Z/client-node/client/current-efa-write-w1-qd16/results.log
current-efa-write-w1-qd2,current,efa,write,1,2,2,false,curve,2,2,true,4,"2,3,4",71597,71490,71762,0.38,68045,27.828,6.0,110.0,114.0,13967.3,ordinary-device-ack,early-local-dirty-lease-ack,/home/rob/zcutils/bench-results/zcutils-blockmatrix-adhoc-c8gn16-20260811T121140Z/client-node/client/current-efa-write-w1-qd2/results.log
current-efa-write-w1-qd4,current,efa,write,1,4,4,false,curve,2,2,true,4,"2,3,4",120176,119867,120459,0.493,111344,33.08,7.333,105.0,109.0,8321.2,ordinary-device-ack,early-local-dirty-lease-ack,/home/rob/zcutils/bench-results/zcutils-blockmatrix-adhoc-c8gn16-20260811T121140Z/client-node/client/current-efa-write-w1-qd4/results.log
current-efa-write-w1-qd8,current,efa,write,1,8,8,false,curve,2,2,true,4,"2,3,4",129976,129905,130066,0.124,119828,61.139,60.0,63.0,114.333,7693.8,ordinary-device-ack,early-local-dirty-lease-ack,/home/rob/zcutils/bench-results/zcutils-blockmatrix-adhoc-c8gn16-20260811T121140Z/client-node/client/current-efa-write-w1-qd8/results.log
current-efa-write-w2-qd128,current,efa,write,2,128,256,false,curve,1,1,true,4,"2,3,4",603223,603095,603475,0.063,542544,422.452,399.0,466.0,468.0,3302.9,ordinary-device-ack,early-local-dirty-lease-ack,/home/rob/zcutils/bench-results/zcutils-blockmatrix-adhoc-c8gn16-20260811T121140Z/client-node/client/current-efa-write-w2-qd128/results.log
current-efa-write-w2-qd256,current,efa,write,2,256,512,false,curve,1,1,true,4,"2,3,4",607465,607280,607669,0.064,545956,840.741,853.333,859.667,862.667,3285.8,ordinary-device-ack,early-local-dirty-lease-ack,/home/rob/zcutils/bench-results/zcutils-blockmatrix-adhoc-c8gn16-20260811T121140Z/client-node/client/current-efa-write-w2-qd256/results.log
current-efa-write-w2-qd32,current,efa,write,2,32,64,false,curve,1,1,true,4,"2,3,4",589840,589363,590537,0.199,532054,107.978,132.0,136.0,138.667,3383.1,ordinary-device-ack,early-local-dirty-lease-ack,/home/rob/zcutils/bench-results/zcutils-blockmatrix-adhoc-c8gn16-20260811T121140Z/client-node/client/current-efa-write-w2-qd32/results.log
current-efa-write-w2-qd64,current,efa,write,2,64,128,false,curve,1,1,true,4,"2,3,4",589047,588153,589787,0.277,531506,216.764,203.0,272.0,274.667,3391.5,ordinary-device-ack,early-local-dirty-lease-ack,/home/rob/zcutils/bench-results/zcutils-blockmatrix-adhoc-c8gn16-20260811T121140Z/client-node/client/current-efa-write-w2-qd64/results.log
current-tcp-read-w1-qd16,current,tcp,read,1,16,16,false,curve,1,1,true,4,"2,3,4",141994,141947,142042,0.067,142017,111.945,119.0,122.0,123.333,7042.6,ordinary-device-ack,remote-read-completion,/home/rob/zcutils/bench-results/zcutils-blockmatrix-adhoc-c8gn16-20260811T121140Z/client-node/client/current-tcp-read-w1-qd16/results.log
current-tcp-read-w1-qd2,current,tcp,read,1,2,2,false,curve,1,1,true,4,"2,3,4",36685,36612,36741,0.352,36775,54.464,62.0,66.0,80.0,27259.5,ordinary-device-ack,remote-read-completion,/home/rob/zcutils/bench-results/zcutils-blockmatrix-adhoc-c8gn16-20260811T121140Z/client-node/client/current-tcp-read-w1-qd2/results.log
current-tcp-read-w1-qd4,current,tcp,read,1,4,4,false,curve,1,1,true,4,"2,3,4",89472,89280,89586,0.342,89434,44.65,44.0,58.0,64.667,11176.8,ordinary-device-ack,remote-read-completion,/home/rob/zcutils/bench-results/zcutils-blockmatrix-adhoc-c8gn16-20260811T121140Z/client-node/client/current-tcp-read-w1-qd4/results.log
current-tcp-read-w1-qd8,current,tcp,read,1,8,8,false,curve,1,1,true,4,"2,3,4",79482,79413,79536,0.155,79444,100.278,114.0,117.0,118.0,12581.5,ordinary-device-ack,remote-read-completion,/home/rob/zcutils/bench-results/zcutils-blockmatrix-adhoc-c8gn16-20260811T121140Z/client-node/client/current-tcp-read-w1-qd8/results.log
current-tcp-read-w2-qd128,current,tcp,read,2,128,256,false,curve,1,1,true,4,"2,3,4",563943,563938,563947,0.002,563944,453.605,455.333,520.0,564.0,3546.5,ordinary-device-ack,remote-read-completion,/home/rob/zcutils/bench-results/zcutils-blockmatrix-adhoc-c8gn16-20260811T121140Z/client-node/client/current-tcp-read-w2-qd128/results.log
current-tcp-read-w2-qd256,current,tcp,read,2,256,512,false,curve,1,1,true,4,"2,3,4",564034,564030,564036,0.001,564043,907.309,905.333,2000.0,2000.0,3545.9,ordinary-device-ack,remote-read-completion,/home/rob/zcutils/bench-results/zcutils-blockmatrix-adhoc-c8gn16-20260811T121140Z/client-node/client/current-tcp-read-w2-qd256/results.log
current-tcp-read-w2-qd32,current,tcp,read,2,32,64,false,curve,1,1,true,4,"2,3,4",421370,421278,421454,0.042,421292,151.434,130.667,186.0,191.0,4734.2,ordinary-device-ack,remote-read-completion,/home/rob/zcutils/bench-results/zcutils-blockmatrix-adhoc-c8gn16-20260811T121140Z/client-node/client/current-tcp-read-w2-qd32/results.log
current-tcp-read-w2-qd64,current,tcp,read,2,64,128,false,curve,1,1,true,4,"2,3,4",541171,541084,541275,0.035,541087,235.714,255.0,265.0,270.0,3687.7,ordinary-device-ack,remote-read-completion,/home/rob/zcutils/bench-results/zcutils-blockmatrix-adhoc-c8gn16-20260811T121140Z/client-node/client/current-tcp-read-w2-qd64/results.log
current-tcp-rw-w1-qd16,current,tcp,rw,1,16,16,false,curve,1,1,true,4,"2,3,4",182178,182149,182193,0.024,182182,87.199,65.0,128.333,130.667,5489.2,ordinary-device-ack,mixed-remote-reads-and-early-local-writes,/home/rob/zcutils/bench-results/zcutils-blockmatrix-adhoc-c8gn16-20260811T121140Z/client-node/client/current-tcp-rw-w1-qd16/results.log
current-tcp-rw-w1-qd2,current,tcp,rw,1,2,2,false,curve,1,1,true,4,"2,3,4",68352,68312,68386,0.108,68337,29.171,33.0,66.0,73.0,14630.5,ordinary-device-ack,mixed-remote-reads-and-early-local-writes,/home/rob/zcutils/bench-results/zcutils-blockmatrix-adhoc-c8gn16-20260811T121140Z/client-node/client/current-tcp-rw-w1-qd2/results.log
current-tcp-rw-w1-qd4,current,tcp,rw,1,4,4,false,curve,1,1,true,4,"2,3,4",110060,109712,110469,0.688,109960,36.21,37.0,76.0,87.667,9086.1,ordinary-device-ack,mixed-remote-reads-and-early-local-writes,/home/rob/zcutils/bench-results/zcutils-blockmatrix-adhoc-c8gn16-20260811T121140Z/client-node/client/current-tcp-rw-w1-qd4/results.log
current-tcp-rw-w1-qd8,current,tcp,rw,1,8,8,false,curve,1,1,true,4,"2,3,4",117038,116887,117240,0.302,116879,67.969,60.0,117.0,119.667,8544.4,ordinary-device-ack,mixed-remote-reads-and-early-local-writes,/home/rob/zcutils/bench-results/zcutils-blockmatrix-adhoc-c8gn16-20260811T121140Z/client-node/client/current-tcp-rw-w1-qd8/results.log
current-tcp-rw-w2-qd128,current,tcp,rw,2,128,256,false,curve,1,1,true,4,"2,3,4",602926,602724,603190,0.077,603039,423.515,401.333,469.0,531.333,3313.5,ordinary-device-ack,mixed-remote-reads-and-early-local-writes,/home/rob/zcutils/bench-results/zcutils-blockmatrix-adhoc-c8gn16-20260811T121140Z/client-node/client/current-tcp-rw-w2-qd128/results.log
current-tcp-rw-w2-qd256,current,tcp,rw,2,256,512,false,curve,1,1,true,4,"2,3,4",601303,600567,601859,0.215,601428,849.395,861.0,931.333,936.333,3319.8,ordinary-device-ack,mixed-remote-reads-and-early-local-writes,/home/rob/zcutils/bench-results/zcutils-blockmatrix-adhoc-c8gn16-20260811T121140Z/client-node/client/current-tcp-rw-w2-qd256/results.log
current-tcp-rw-w2-qd32,current,tcp,rw,2,32,64,false,curve,1,1,true,4,"2,3,4",471858,471361,472789,0.303,472280,134.679,133.0,194.0,245.0,4223.1,ordinary-device-ack,mixed-remote-reads-and-early-local-writes,/home/rob/zcutils/bench-results/zcutils-blockmatrix-adhoc-c8gn16-20260811T121140Z/client-node/client/current-tcp-rw-w2-qd32/results.log
current-tcp-rw-w2-qd64,current,tcp,rw,2,64,128,false,curve,1,1,true,4,"2,3,4",593673,593506,593824,0.054,593824,214.963,201.0,270.0,325.333,3367.3,ordinary-device-ack,mixed-remote-reads-and-early-local-writes,/home/rob/zcutils/bench-results/zcutils-blockmatrix-adhoc-c8gn16-20260811T121140Z/client-node/client/current-tcp-rw-w2-qd64/results.log
current-tcp-write-w1-qd1,current,tcp,write,1,1,1,false,curve,1,1,true,4,"2,3,4",77302,77276,77337,0.079,77286,12.884,5.0,47.0,64.0,12936.5,ordinary-device-ack,early-local-dirty-lease-ack,/home/rob/zcutils/bench-results/zcutils-blockmatrix-adhoc-c8gn16-20260811T121140Z/client-node/client/current-tcp-write-w1-qd1/results.log
current-tcp-write-w1-qd1-fua,current,tcp,write,1,1,1,true,curve-fua,1,1,true,4,"2,3,4",17434,17417,17458,0.235,17444,57.308,57.0,61.0,74.333,57361.7,per-write-fua-dsync,remote-fua-drain,/home/rob/zcutils/bench-results/zcutils-blockmatrix-adhoc-c8gn16-20260811T121140Z/client-node/client/current-tcp-write-w1-qd1-fua/results.log
current-tcp-write-w1-qd16,current,tcp,write,1,16,16,false,curve,2,2,true,4,"2,3,4",188902,188757,188985,0.121,188848,83.915,66.0,123.0,127.0,5293.9,ordinary-device-ack,early-local-dirty-lease-ack,/home/rob/zcutils/bench-results/zcutils-blockmatrix-adhoc-c8gn16-20260811T121140Z/client-node/client/current-tcp-write-w1-qd16/results.log
current-tcp-write-w1-qd2,current,tcp,write,1,2,2,false,curve,1,1,true,4,"2,3,4",118390,118070,118793,0.611,118380,16.788,6.0,56.0,72.0,8446.9,ordinary-device-ack,early-local-dirty-lease-ack,/home/rob/zcutils/bench-results/zcutils-blockmatrix-adhoc-c8gn16-20260811T121140Z/client-node/client/current-tcp-write-w1-qd2/results.log
current-tcp-write-w1-qd4,current,tcp,write,1,4,4,false,curve,1,1,true,4,"2,3,4",164666,163981,165009,0.624,164546,24.088,7.0,72.0,91.0,6073.0,ordinary-device-ack,early-local-dirty-lease-ack,/home/rob/zcutils/bench-results/zcutils-blockmatrix-adhoc-c8gn16-20260811T121140Z/client-node/client/current-tcp-write-w1-qd4/results.log
current-tcp-write-w1-qd8,current,tcp,write,1,8,8,false,curve,1,1,true,4,"2,3,4",127951,127885,127985,0.078,127940,62.116,60.0,64.0,116.0,7815.7,ordinary-device-ack,early-local-dirty-lease-ack,/home/rob/zcutils/bench-results/zcutils-blockmatrix-adhoc-c8gn16-20260811T121140Z/client-node/client/current-tcp-write-w1-qd8/results.log
current-tcp-write-w2-qd128,current,tcp,write,2,128,256,false,curve,2,2,true,4,"2,3,4",569956,568569,572441,0.679,569562,444.576,399.333,590.667,987.0,3475.9,ordinary-device-ack,early-local-dirty-lease-ack,/home/rob/zcutils/bench-results/zcutils-blockmatrix-adhoc-c8gn16-20260811T121140Z/client-node/client/current-tcp-write-w2-qd128/results.log
current-tcp-write-w2-qd256,current,tcp,write,2,256,512,false,curve,1,1,true,4,"2,3,4",572390,571940,572954,0.177,572368,887.869,840.333,2000.0,2000.0,3469.9,ordinary-device-ack,early-local-dirty-lease-ack,/home/rob/zcutils/bench-results/zcutils-blockmatrix-adhoc-c8gn16-20260811T121140Z/client-node/client/current-tcp-write-w2-qd256/results.log
current-tcp-write-w2-qd32,current,tcp,write,2,32,64,false,curve,1,1,true,4,"2,3,4",571955,571554,572197,0.112,571913,111.238,132.0,137.0,183.667,3487.4,ordinary-device-ack,early-local-dirty-lease-ack,/home/rob/zcutils/bench-results/zcutils-blockmatrix-adhoc-c8gn16-20260811T121140Z/client-node/client/current-tcp-write-w2-qd32/results.log
current-tcp-write-w2-qd64,current,tcp,write,2,64,128,false,curve,1,1,true,4,"2,3,4",572343,571275,572955,0.294,572526,222.727,201.0,272.0,417.0,3484.8,ordinary-device-ack,early-local-dirty-lease-ack,/home/rob/zcutils/bench-results/zcutils-blockmatrix-adhoc-c8gn16-20260811T121140Z/client-node/client/current-tcp-write-w2-qd64/results.log
gate-current-efa-read-w1-qd1,current,efa,read,1,1,1,false,gate,1,1,true,4,"2,3,4",44864,44815,44928,0.252,44885,22.237,23.0,26.0,26.0,22289.8,ordinary-device-ack,remote-read-completion,/home/rob/zcutils/bench-results/zcutils-blockmatrix-adhoc-c8gn16-20260811T121140Z/client-node/client/gate-current-efa-read-w1-qd1/results.log
gate-current-efa-rw-w1-qd1,current,efa,rw,1,1,1,false,gate,1,1,true,4,"2,3,4",72550,72509,72621,0.154,72502,13.729,5.0,30.0,43.0,13783.8,ordinary-device-ack,mixed-remote-reads-and-early-local-writes,/home/rob/zcutils/bench-results/zcutils-blockmatrix-adhoc-c8gn16-20260811T121140Z/client-node/client/gate-current-efa-rw-w1-qd1/results.log
gate-current-efa-write-w1-qd1,current,efa,write,1,1,1,false,gate,1,1,true,4,"2,3,4",40350,40333,40368,0.087,39148,24.73,5.0,106.0,109.333,24783.4,ordinary-device-ack,early-local-dirty-lease-ack,/home/rob/zcutils/bench-results/zcutils-blockmatrix-adhoc-c8gn16-20260811T121140Z/client-node/client/gate-current-efa-write-w1-qd1/results.log
gate-current-efa-write-w1-qd1-fua,current,efa,write,1,1,1,true,gate-fua,1,1,true,4,"2,3,4",16128,16124,16130,0.037,15912,61.949,61.0,64.667,67.0,62005.0,per-write-fua-dsync,remote-fua-drain,/home/rob/zcutils/bench-results/zcutils-blockmatrix-adhoc-c8gn16-20260811T121140Z/client-node/client/gate-current-efa-write-w1-qd1-fua/results.log
gate-current-tcp-read-w1-qd1,current,tcp,read,1,1,1,false,gate,1,1,true,4,"2,3,4",27571,27535,27602,0.243,27574,36.217,36.333,39.0,54.0,36270.6,ordinary-device-ack,remote-read-completion,/home/rob/zcutils/bench-results/zcutils-blockmatrix-adhoc-c8gn16-20260811T121140Z/client-node/client/gate-current-tcp-read-w1-qd1/results.log
gate-current-tcp-rw-w1-qd1,current,tcp,rw,1,1,1,false,gate,1,1,true,4,"2,3,4",52227,52174,52255,0.155,52184,19.092,5.0,44.0,68.0,19147.5,ordinary-device-ack,mixed-remote-reads-and-early-local-writes,/home/rob/zcutils/bench-results/zcutils-blockmatrix-adhoc-c8gn16-20260811T121140Z/client-node/client/gate-current-tcp-rw-w1-qd1/results.log
gate-current-tcp-write-w1-qd1,current,tcp,write,1,1,1,false,gate,1,1,true,4,"2,3,4",76953,76829,77031,0.262,76927,12.942,5.0,47.0,64.0,12995.2,ordinary-device-ack,early-local-dirty-lease-ack,/home/rob/zcutils/bench-results/zcutils-blockmatrix-adhoc-c8gn16-20260811T121140Z/client-node/client/gate-current-tcp-write-w1-qd1/results.log
gate-current-tcp-write-w1-qd1-fua,current,tcp,write,1,1,1,true,gate-fua,1,1,true,4,"2,3,4",17453,17425,17468,0.246,17445,57.244,57.0,61.0,71.0,57298.6,per-write-fua-dsync,remote-fua-drain,/home/rob/zcutils/bench-results/zcutils-blockmatrix-adhoc-c8gn16-20260811T121140Z/client-node/client/gate-current-tcp-write-w1-qd1-fua/results.log
current-nvmet-read-w1-qd16,current,nvme-tcp,read,1,16,16,false,curve,1,1,true,4,"2,3,4",82295,81632,83236,1.949,82425,193.586,135.333,247.0,3000.0,8910.6,ordinary-device-ack,remote-nvme-command-target-page-cache-admission,/home/rob/zcutils/bench-results/zcutils-blockmatrix-adhoc-c8gn16-20260811T121140Z/client-node/nvmet/runs/current-nvmet-read-w1-qd16/results.log
current-nvmet-read-w1-qd2,current,nvme-tcp,read,1,2,2,false,curve,1,1,true,4,"2,3,4",37984,37712,38221,1.34,38021,52.571,45.0,54.333,63.0,21818.2,ordinary-device-ack,remote-nvme-command-target-page-cache-admission,/home/rob/zcutils/bench-results/zcutils-blockmatrix-adhoc-c8gn16-20260811T121140Z/client-node/nvmet/runs/current-nvmet-read-w1-qd2/results.log
current-nvmet-read-w1-qd4,current,nvme-tcp,read,1,4,4,false,curve,1,1,true,4,"2,3,4",65590,64747,66231,2.263,65512,60.862,46.0,63.0,75.0,10902.6,ordinary-device-ack,remote-nvme-command-target-page-cache-admission,/home/rob/zcutils/bench-results/zcutils-blockmatrix-adhoc-c8gn16-20260811T121140Z/client-node/nvmet/runs/current-nvmet-read-w1-qd4/results.log
current-nvmet-read-w1-qd8,current,nvme-tcp,read,1,8,8,false,curve,1,1,true,4,"2,3,4",64047,63711,64541,1.296,64134,124.501,97.0,104.333,2000.0,12166.7,ordinary-device-ack,remote-nvme-command-target-page-cache-admission,/home/rob/zcutils/bench-results/zcutils-blockmatrix-adhoc-c8gn16-20260811T121140Z/client-node/nvmet/runs/current-nvmet-read-w1-qd8/results.log
current-nvmet-read-w2-qd128,current,nvme-tcp,read,2,128,256,false,curve,1,1,true,4,"2,3,4",312658,311323,314399,0.984,312666,813.53,785.667,918.333,946.667,4333.6,ordinary-device-ack,remote-nvme-command-target-page-cache-admission,/home/rob/zcutils/bench-results/zcutils-blockmatrix-adhoc-c8gn16-20260811T121140Z/client-node/nvmet/runs/current-nvmet-read-w2-qd128/results.log
current-nvmet-read-w2-qd256,current,nvme-tcp,read,2,256,512,false,curve,1,1,true,4,"2,3,4",285184,282425,287221,1.682,285958,1780.762,2000.0,2000.0,2000.0,4344.9,ordinary-device-ack,remote-nvme-command-target-page-cache-admission,/home/rob/zcutils/bench-results/zcutils-blockmatrix-adhoc-c8gn16-20260811T121140Z/client-node/nvmet/runs/current-nvmet-read-w2-qd256/results.log
current-nvmet-read-w2-qd32,current,nvme-tcp,read,2,32,64,false,curve,1,1,true,4,"2,3,4",288122,287548,288979,0.497,287996,218.969,249.333,295.667,308.333,4412.3,ordinary-device-ack,remote-nvme-command-target-page-cache-admission,/home/rob/zcutils/bench-results/zcutils-blockmatrix-adhoc-c8gn16-20260811T121140Z/client-node/nvmet/runs/current-nvmet-read-w2-qd32/results.log
current-nvmet-read-w2-qd64,current,nvme-tcp,read,2,64,128,false,curve,1,1,true,4,"2,3,4",165263,165089,165370,0.17,165271,773.531,789.0,890.333,966.333,9067.3,ordinary-device-ack,remote-nvme-command-target-page-cache-admission,/home/rob/zcutils/bench-results/zcutils-blockmatrix-adhoc-c8gn16-20260811T121140Z/client-node/nvmet/runs/current-nvmet-read-w2-qd64/results.log
current-nvmet-rw-w1-qd1-repeat2,current,nvme-tcp,rw,1,1,1,false,curve-repeat2,1,1,true,4,"2,3,4",23378,23353,23405,0.222,23374,42.719,39.0,44.0,53.0,38382.2,ordinary-device-ack,remote-nvme-command-target-page-cache-admission,/home/rob/zcutils/bench-results/zcutils-blockmatrix-adhoc-c8gn16-20260811T121140Z/client-node/nvmet/runs/current-nvmet-rw-w1-qd1-repeat2/results.log
current-nvmet-rw-w1-qd1-repeat3,current,nvme-tcp,rw,1,1,1,false,curve-repeat3,1,1,true,4,"2,3,4",28078,27986,28136,0.534,28100,35.557,32.0,36.0,45.667,31229.2,ordinary-device-ack,remote-nvme-command-target-page-cache-admission,/home/rob/zcutils/bench-results/zcutils-blockmatrix-adhoc-c8gn16-20260811T121140Z/client-node/nvmet/runs/current-nvmet-rw-w1-qd1-repeat3/results.log
current-nvmet-rw-w1-qd16,current,nvme-tcp,rw,1,16,16,false,curve,1,1,true,4,"2,3,4",56553,43412,74504,54.979,63662,296.558,133.333,248.0,3000.0,8996.2,ordinary-device-ack,remote-nvme-command-target-page-cache-admission,/home/rob/zcutils/bench-results/zcutils-blockmatrix-adhoc-c8gn16-20260811T121140Z/client-node/nvmet/runs/current-nvmet-rw-w1-qd16/results.log
current-nvmet-rw-w1-qd2-resume,current,nvme-tcp,rw,1,2,2,false,curve-resume,1,1,true,4,"2,3,4",43099,42110,43896,4.144,43236,46.333,39.0,48.0,53.667,18463.9,ordinary-device-ack,remote-nvme-command-target-page-cache-admission,/home/rob/zcutils/bench-results/zcutils-blockmatrix-adhoc-c8gn16-20260811T121140Z/client-node/nvmet/runs/current-nvmet-rw-w1-qd2-resume/results.log
current-nvmet-rw-w1-qd4,current,nvme-tcp,rw,1,4,4,false,curve,1,1,true,4,"2,3,4",45883,10466,64535,117.84,50919,169.216,47.0,64.0,72.0,10977.4,ordinary-device-ack,remote-nvme-command-target-page-cache-admission,/home/rob/zcutils/bench-results/zcutils-blockmatrix-adhoc-c8gn16-20260811T121140Z/client-node/nvmet/runs/current-nvmet-rw-w1-qd4/results.log
current-nvmet-rw-w1-qd4-repeat,current,nvme-tcp,rw,1,4,4,false,curve-repeat,1,1,true,4,"2,3,4",45121,36228,52474,36.005,50502,90.668,46.0,63.0,71.333,10807.3,ordinary-device-ack,remote-nvme-command-target-page-cache-admission,/home/rob/zcutils/bench-results/zcutils-blockmatrix-adhoc-c8gn16-20260811T121140Z/client-node/nvmet/runs/current-nvmet-rw-w1-qd4-repeat/results.log
current-nvmet-rw-w1-qd8,current,nvme-tcp,rw,1,8,8,false,curve,1,1,true,4,"2,3,4",56107,43467,65318,38.945,58192,146.543,97.0,104.667,2000.0,12084.3,ordinary-device-ack,remote-nvme-command-target-page-cache-admission,/home/rob/zcutils/bench-results/zcutils-blockmatrix-adhoc-c8gn16-20260811T121140Z/client-node/nvmet/runs/current-nvmet-rw-w1-qd8/results.log
current-nvmet-rw-w2-qd128,current,nvme-tcp,rw,2,128,256,false,curve,1,1,true,4,"2,3,4",263723,252835,280129,10.35,266209,932.17,869.667,2000.0,2000.0,4809.6,ordinary-device-ack,remote-nvme-command-target-page-cache-admission,/home/rob/zcutils/bench-results/zcutils-blockmatrix-adhoc-c8gn16-20260811T121140Z/client-node/nvmet/runs/current-nvmet-rw-w2-qd128/results.log
current-nvmet-rw-w2-qd256,current,nvme-tcp,rw,2,256,512,false,curve,1,1,true,4,"2,3,4",270309,267417,275074,2.833,272491,1823.328,2000.0,2000.0,2000.0,4779.4,ordinary-device-ack,remote-nvme-command-target-page-cache-admission,/home/rob/zcutils/bench-results/zcutils-blockmatrix-adhoc-c8gn16-20260811T121140Z/client-node/nvmet/runs/current-nvmet-rw-w2-qd256/results.log
current-nvmet-rw-w2-qd32-resume2,current,nvme-tcp,rw,2,32,64,false,curve-resume2,1,1,true,4,"2,3,4",152488,148130,154788,4.366,153484,411.914,418.333,499.0,523.0,10025.2,ordinary-device-ack,remote-nvme-command-target-page-cache-admission,/home/rob/zcutils/bench-results/zcutils-blockmatrix-adhoc-c8gn16-20260811T121140Z/client-node/nvmet/runs/current-nvmet-rw-w2-qd32-resume2/results.log
current-nvmet-rw-w2-qd64,current,nvme-tcp,rw,2,64,128,false,curve,1,1,true,4,"2,3,4",155731,155614,155960,0.222,155682,821.095,845.333,937.333,1666.667,10140.6,ordinary-device-ack,remote-nvme-command-target-page-cache-admission,/home/rob/zcutils/bench-results/zcutils-blockmatrix-adhoc-c8gn16-20260811T121140Z/client-node/nvmet/runs/current-nvmet-rw-w2-qd64/results.log
current-nvmet-write-w1-qd16,current,nvme-tcp,write,1,16,16,false,curve,1,1,true,4,"2,3,4",53254,32750,87705,103.194,61453,358.425,128.667,243.333,3000.0,9039.2,ordinary-device-ack,remote-nvme-command-target-page-cache-admission,/home/rob/zcutils/bench-results/zcutils-blockmatrix-adhoc-c8gn16-20260811T121140Z/client-node/nvmet/runs/current-nvmet-write-w1-qd16/results.log
current-nvmet-write-w1-qd2,current,nvme-tcp,write,1,2,2,false,curve,1,1,true,4,"2,3,4",37187,36304,37747,3.88,37247,53.706,46.0,55.333,61.0,22933.1,ordinary-device-ack,remote-nvme-command-target-page-cache-admission,/home/rob/zcutils/bench-results/zcutils-blockmatrix-adhoc-c8gn16-20260811T121140Z/client-node/nvmet/runs/current-nvmet-write-w1-qd2/results.log
current-nvmet-write-w1-qd4,current,nvme-tcp,write,1,4,4,false,curve,1,1,true,4,"2,3,4",31573,12678,49071,115.266,40561,172.664,46.333,64.0,73.0,11262.9,ordinary-device-ack,remote-nvme-command-target-page-cache-admission,/home/rob/zcutils/bench-results/zcutils-blockmatrix-adhoc-c8gn16-20260811T121140Z/client-node/nvmet/runs/current-nvmet-write-w1-qd4/results.log
current-nvmet-write-w1-qd8,current,nvme-tcp,write,1,8,8,false,curve,1,1,true,4,"2,3,4",55111,47177,69228,40.012,58573,149.136,93.667,102.333,844.0,11815.5,ordinary-device-ack,remote-nvme-command-target-page-cache-admission,/home/rob/zcutils/bench-results/zcutils-blockmatrix-adhoc-c8gn16-20260811T121140Z/client-node/nvmet/runs/current-nvmet-write-w1-qd8/results.log
current-nvmet-write-w1-qd8-repeat,current,nvme-tcp,write,1,8,8,false,curve-repeat,1,1,true,4,"2,3,4",50890,30042,61582,61.977,55570,175.338,92.667,105.667,1256.667,11792.9,ordinary-device-ack,remote-nvme-command-target-page-cache-admission,/home/rob/zcutils/bench-results/zcutils-blockmatrix-adhoc-c8gn16-20260811T121140Z/client-node/nvmet/runs/current-nvmet-write-w1-qd8-repeat/results.log
current-nvmet-write-w2-qd128,current,nvme-tcp,write,2,128,256,false,curve,1,1,true,4,"2,3,4",243678,243231,243932,0.288,243482,1047.058,915.0,3000.0,3000.0,5947.6,ordinary-device-ack,remote-nvme-command-target-page-cache-admission,/home/rob/zcutils/bench-results/zcutils-blockmatrix-adhoc-c8gn16-20260811T121140Z/client-node/nvmet/runs/current-nvmet-write-w2-qd128/results.log
current-nvmet-write-w2-qd256,current,nvme-tcp,write,2,256,512,false,curve,1,1,true,4,"2,3,4",102752,101221,104429,3.122,103030,4861.972,2000.0,27000.0,45000.0,17317.0,ordinary-device-ack,remote-nvme-command-target-page-cache-admission,/home/rob/zcutils/bench-results/zcutils-blockmatrix-adhoc-c8gn16-20260811T121140Z/client-node/nvmet/runs/current-nvmet-write-w2-qd256/results.log
current-nvmet-write-w2-qd32,current,nvme-tcp,write,2,32,64,false,curve,1,1,true,4,"2,3,4",235231,228716,245478,7.126,234250,256.658,250.667,372.333,478.667,5803.0,ordinary-device-ack,remote-nvme-command-target-page-cache-admission,/home/rob/zcutils/bench-results/zcutils-blockmatrix-adhoc-c8gn16-20260811T121140Z/client-node/nvmet/runs/current-nvmet-write-w2-qd32/results.log
current-nvmet-write-w2-qd64,current,nvme-tcp,write,2,64,128,false,curve,1,1,true,4,"2,3,4",152102,149440,154553,3.362,151908,834.093,868.667,947.667,2000.0,10708.5,ordinary-device-ack,remote-nvme-command-target-page-cache-admission,/home/rob/zcutils/bench-results/zcutils-blockmatrix-adhoc-c8gn16-20260811T121140Z/client-node/nvmet/runs/current-nvmet-write-w2-qd64/results.log
gate-current-nvmet-read-w1-qd1,current,nvme-tcp,read,1,1,1,false,gate,1,1,true,4,"2,3,4",28015,27971,28073,0.364,28019,35.639,32.0,36.0,48.333,30921.4,ordinary-device-ack,remote-nvme-command-target-page-cache-admission,/home/rob/zcutils/bench-results/zcutils-blockmatrix-adhoc-c8gn16-20260811T121140Z/client-node/nvmet/runs/gate-current-nvmet-read-w1-qd1/results.log
gate-current-nvmet-rw-w1-qd1,current,nvme-tcp,rw,1,1,1,false,gate,1,1,true,4,"2,3,4",26210,22137,28313,23.563,26738,38.602,32.0,36.0,44.667,30940.1,ordinary-device-ack,remote-nvme-command-target-page-cache-admission,/home/rob/zcutils/bench-results/zcutils-blockmatrix-adhoc-c8gn16-20260811T121140Z/client-node/nvmet/runs/gate-current-nvmet-rw-w1-qd1/results.log
gate-current-nvmet-write-w1-qd1,current,nvme-tcp,write,1,1,1,false,gate,1,1,true,4,"2,3,4",28532,28473,28619,0.512,28483,34.993,32.0,36.0,46.0,31031.5,ordinary-device-ack,remote-nvme-command-target-page-cache-admission,/home/rob/zcutils/bench-results/zcutils-blockmatrix-adhoc-c8gn16-20260811T121140Z/client-node/nvmet/runs/gate-current-nvmet-write-w1-qd1/results.log
gate-current-nvmet-write-w1-qd1-fua,current,nvme-tcp,write,1,1,1,true,gate-fua,1,1,true,4,"2,3,4",28563,28477,28730,0.886,28574,34.957,32.0,36.0,46.0,31001.8,per-write-fua-dsync,remote-nvme-fua-target-sync-volatile-media,/home/rob/zcutils/bench-results/zcutils-blockmatrix-adhoc-c8gn16-20260811T121140Z/client-node/nvmet/runs/gate-current-nvmet-write-w1-qd1-fua/results.log
