rob-test-04-dynamic-pvc-fe3a0954-0fe0-411a-b08e-7300bd5daa86	None	us-east-1	None	2	available	vol-03370ca3445b065d4
rob-test-04-dynamic-pvc-70337174-6443-47ae-acb0-8948ef67bcb5	None	us-east-1	None	2	available	vol-032c43aa384839702
slopmud-az1-raft-n0-data	None	us-east-1	None	1	in-use	vol-074a6dc26d9c7f181
rob-test-01-dynamic-pvc-3055114c-df11-4118-af20-5482644f8cb6	None	us-east-1	None	2	available	vol-06a9459963ecc523b
rob-test-01-dynamic-pvc-b6ce0171-20e2-4f0e-ab3b-08c99dbe2c82	None	us-east-1	None	2	available	vol-01e4b411cb285b69f
None	None	us-east-1	None	8	in-use	vol-01427a4b9c74413ed
rob-test-04-dynamic-pvc-f8ee8d9e-724f-428f-8a13-3c1c358309c7	None	us-east-1	None	10	available	vol-01f6f1ea7f604f820
None	None	us-east-1	None	34	available	vol-09df078b769b0de57
slopmud-az1-gateway-data	None	us-east-1	None	1	in-use	vol-0953a58893ab73e55
None	None	us-east-1	None	8	in-use	vol-03b5bbd38ebcf65a9
slopmud-az1-raft-n2-data	None	us-east-1	None	1	in-use	vol-01127d996cad9894a
None	None	us-east-1	None	8	in-use	vol-0bb8fd3660fd3ec6d
None	None	us-east-1	None	20	in-use	vol-0125f866a6d679096
None	None	us-east-1	None	100	in-use	vol-08c0077561c29f06f
None	None	us-east-1	None	8	in-use	vol-0d71f0c1c11a9e9f7
rob-test-01-dynamic-pvc-feb71f83-554c-4ef2-8626-41c1e530fd15	None	us-east-1	None	2	available	vol-07d1cd14e16dd0e42
rob-test-01-dynamic-pvc-c2af0a37-ae37-47b0-a635-49ede5335466	None	us-east-1	None	10	available	vol-03f0bcdf04101c346
None	None	us-east-1	None	8	in-use	vol-0b6882a4fe61df542
rob-test-01-dynamic-pvc-2dce5516-1927-425d-b2a4-5b179f7ef960	None	us-east-1	None	2	available	vol-0c7830399bde54626
None	None	us-east-1	None	34	in-use	vol-088c4a87960d2654d
rob-test-01-dynamic-pvc-d9d6054e-6832-4318-b8ba-3b8910665c4d	None	us-east-1	None	2	available	vol-0917cfafa05af2660
rob-test-01-dynamic-pvc-a8b0c5a4-b039-4438-af8a-30fe9d88e883	None	us-east-1	None	2	available	vol-07812bf02dca59288
slopmud-az1-raft-n1-data	None	us-east-1	None	1	in-use	vol-0dc4026bf29c0071f
None	None	us-east-1	None	8	in-use	vol-0d1097eaa261750f2
None	None	us-east-1	None	8	in-use	vol-08f3232a53868cdbf
