submit	op	qd	iops	gbitps	write_p50_us	write_p99_us	read_p50_us	read_p99_us	fan_vol_cs	fan_invol_cs	fan_cs_per_1k_io	max_leaf_submit
blocking	mixed	1	205713	6.741	500.0	863.0	504.0	854.0	289984	100	1410.1	1
blocking	mixed	16	215406	7.058	8000.0	12000.0	8000.0	12000.0	295721	88	1373.3	1
blocking	mixed	4	211742	6.938	2000.0	4000.0	2000.0	4000.0	296155	105	1399.2	1
blocking	write	1	192829	6.319	256.0	534.0	0.0	0.0	594795	75	3085.0	1
blocking	write	16	200793	6.580	5000.0	7000.0	0.0	0.0	262419	83	1307.3	1
blocking	write	4	208667	6.838	992.0	2000.0	0.0	0.0	262426	84	1258.0	1
mixed	mixed	1	200222	6.561	461.0	845.0	461.0	837.0	297626	113	1487.0	1
mixed	mixed	16	208645	6.837	8000.0	12000.0	8000.0	12000.0	295200	97	1415.3	1
mixed	mixed	4	179735	5.890	2000.0	4000.0	2000.0	4000.0	294210	91	1637.4	1
mixed	write	1	190997	6.259	257.0	543.0	0.0	0.0	588194	102	3080.1	1
mixed	write	16	198820	6.515	4000.0	7000.0	0.0	0.0	262423	84	1320.3	1
mixed	write	4	191681	6.281	2000.0	2000.0	0.0	0.0	262403	90	1369.4	1
